month_day,historic_norm_c,sample_count,reference_period
01-01,3.96,930,1961-1990
01-02,3.92,930,1961-1990
01-03,3.87,930,1961-1990
01-04,3.84,930,1961-1990
01-05,3.83,930,1961-1990
01-06,3.81,930,1961-1990
01-07,3.78,930,1961-1990
01-08,3.78,930,1961-1990
01-09,3.77,930,1961-1990
01-10,3.79,930,1961-1990
01-11,3.81,930,1961-1990
01-12,3.83,930,1961-1990
01-13,3.87,930,1961-1990
01-14,3.92,930,1961-1990
01-15,3.95,930,1961-1990
01-16,3.98,930,1961-1990
01-17,4.03,930,1961-1990
01-18,4.06,930,1961-1990
01-19,4.11,930,1961-1990
01-20,4.17,930,1961-1990
01-21,4.26,930,1961-1990
01-22,4.34,930,1961-1990
01-23,4.44,930,1961-1990
01-24,4.55,930,1961-1990
01-25,4.63,930,1961-1990
01-26,4.68,930,1961-1990
01-27,4.72,930,1961-1990
01-28,4.79,930,1961-1990
01-29,4.85,930,1961-1990
01-30,4.84,930,1961-1990
01-31,4.81,930,1961-1990
02-01,4.81,930,1961-1990
02-02,4.83,930,1961-1990
02-03,4.87,930,1961-1990
02-04,4.9,930,1961-1990
02-05,4.93,930,1961-1990
02-06,4.98,930,1961-1990
02-07,5.03,930,1961-1990
02-08,5.07,930,1961-1990
02-09,5.12,930,1961-1990
02-10,5.14,930,1961-1990
02-11,5.16,930,1961-1990
02-12,5.18,930,1961-1990
02-13,5.22,930,1961-1990
02-14,5.22,907,1961-1990
02-15,5.26,907,1961-1990
02-16,5.3,907,1961-1990
02-17,5.35,907,1961-1990
02-18,5.39,907,1961-1990
02-19,5.43,907,1961-1990
02-20,5.49,907,1961-1990
02-21,5.52,907,1961-1990
02-22,5.57,907,1961-1990
02-23,5.62,907,1961-1990
02-24,5.69,907,1961-1990
02-25,5.77,907,1961-1990
02-26,5.86,907,1961-1990
02-27,5.96,907,1961-1990
02-28,6.07,907,1961-1990
02-29,6.2,907,1961-1990
03-01,6.36,907,1961-1990
03-02,6.54,907,1961-1990
03-03,6.7,907,1961-1990
03-04,6.84,907,1961-1990
03-05,6.99,907,1961-1990
03-06,7.13,907,1961-1990
03-07,7.24,907,1961-1990
03-08,7.35,907,1961-1990
03-09,7.47,907,1961-1990
03-10,7.6,907,1961-1990
03-11,7.71,907,1961-1990
03-12,7.83,907,1961-1990
03-13,7.95,907,1961-1990
03-14,8.09,907,1961-1990
03-15,8.21,907,1961-1990
03-16,8.28,930,1961-1990
03-17,8.43,930,1961-1990
03-18,8.56,930,1961-1990
03-19,8.66,930,1961-1990
03-20,8.74,930,1961-1990
03-21,8.85,930,1961-1990
03-22,8.96,930,1961-1990
03-23,9.09,930,1961-1990
03-24,9.19,930,1961-1990
03-25,9.29,930,1961-1990
03-26,9.4,930,1961-1990
03-27,9.48,930,1961-1990
03-28,9.58,930,1961-1990
03-29,9.67,930,1961-1990
03-30,9.76,930,1961-1990
03-31,9.9,930,1961-1990
04-01,10.03,930,1961-1990
04-02,10.16,930,1961-1990
04-03,10.3,930,1961-1990
04-04,10.44,930,1961-1990
04-05,10.56,930,1961-1990
04-06,10.7,930,1961-1990
04-07,10.87,930,1961-1990
04-08,10.99,930,1961-1990
04-09,11.09,930,1961-1990
04-10,11.17,930,1961-1990
04-11,11.27,930,1961-1990
04-12,11.36,930,1961-1990
04-13,11.45,930,1961-1990
04-14,11.55,930,1961-1990
04-15,11.68,930,1961-1990
04-16,11.81,930,1961-1990
04-17,11.92,930,1961-1990
04-18,12.04,930,1961-1990
04-19,12.21,930,1961-1990
04-20,12.41,930,1961-1990
04-21,12.59,930,1961-1990
04-22,12.75,930,1961-1990
04-23,12.91,930,1961-1990
04-24,13.09,930,1961-1990
04-25,13.21,930,1961-1990
04-26,13.33,930,1961-1990
04-27,13.51,930,1961-1990
04-28,13.68,930,1961-1990
04-29,13.86,930,1961-1990
04-30,14.03,930,1961-1990
05-01,14.16,930,1961-1990
05-02,14.29,930,1961-1990
05-03,14.43,930,1961-1990
05-04,14.54,930,1961-1990
05-05,14.66,930,1961-1990
05-06,14.75,930,1961-1990
05-07,14.86,930,1961-1990
05-08,14.94,930,1961-1990
05-09,15.06,930,1961-1990
05-10,15.19,930,1961-1990
05-11,15.34,930,1961-1990
05-12,15.48,930,1961-1990
05-13,15.63,930,1961-1990
05-14,15.77,930,1961-1990
05-15,15.92,930,1961-1990
05-16,16.04,930,1961-1990
05-17,16.17,930,1961-1990
05-18,16.28,930,1961-1990
05-19,16.4,930,1961-1990
05-20,16.52,930,1961-1990
05-21,16.61,930,1961-1990
05-22,16.71,930,1961-1990
05-23,16.79,930,1961-1990
05-24,16.87,930,1961-1990
05-25,16.96,930,1961-1990
05-26,17.1,930,1961-1990
05-27,17.21,930,1961-1990
05-28,17.3,930,1961-1990
05-29,17.41,930,1961-1990
05-30,17.51,930,1961-1990
05-31,17.59,930,1961-1990
06-01,17.64,930,1961-1990
06-02,17.71,930,1961-1990
06-03,17.78,930,1961-1990
06-04,17.85,930,1961-1990
06-05,17.93,930,1961-1990
06-06,18.06,930,1961-1990
06-07,18.14,930,1961-1990
06-08,18.25,930,1961-1990
06-09,18.34,930,1961-1990
06-10,18.45,930,1961-1990
06-11,18.55,930,1961-1990
06-12,18.63,930,1961-1990
06-13,18.67,930,1961-1990
06-14,18.73,930,1961-1990
06-15,18.83,930,1961-1990
06-16,18.9,930,1961-1990
06-17,19.01,930,1961-1990
06-18,19.09,930,1961-1990
06-19,19.16,930,1961-1990
06-20,19.25,930,1961-1990
06-21,19.34,930,1961-1990
06-22,19.43,930,1961-1990
06-23,19.52,930,1961-1990
06-24,19.61,930,1961-1990
06-25,19.66,930,1961-1990
06-26,19.73,930,1961-1990
06-27,19.83,930,1961-1990
06-28,19.89,930,1961-1990
06-29,19.93,930,1961-1990
06-30,19.96,930,1961-1990
07-01,19.99,930,1961-1990
07-02,20.04,930,1961-1990
07-03,20.09,930,1961-1990
07-04,20.11,930,1961-1990
07-05,20.15,930,1961-1990
07-06,20.18,930,1961-1990
07-07,20.23,930,1961-1990
07-08,20.29,930,1961-1990
07-09,20.33,930,1961-1990
07-10,20.37,930,1961-1990
07-11,20.38,930,1961-1990
07-12,20.39,930,1961-1990
07-13,20.46,930,1961-1990
07-14,20.57,930,1961-1990
07-15,20.69,930,1961-1990
07-16,20.75,930,1961-1990
07-17,20.8,930,1961-1990
07-18,20.81,930,1961-1990
07-19,20.86,930,1961-1990
07-20,20.92,930,1961-1990
07-21,20.93,930,1961-1990
07-22,20.97,930,1961-1990
07-23,20.97,930,1961-1990
07-24,20.97,930,1961-1990
07-25,20.97,930,1961-1990
07-26,20.98,930,1961-1990
07-27,20.97,930,1961-1990
07-28,20.96,930,1961-1990
07-29,20.98,930,1961-1990
07-30,21.02,930,1961-1990
07-31,21.04,930,1961-1990
08-01,21.06,930,1961-1990
08-02,21.08,930,1961-1990
08-03,21.09,930,1961-1990
08-04,21.11,930,1961-1990
08-05,21.13,930,1961-1990
08-06,21.13,930,1961-1990
08-07,21.1,930,1961-1990
08-08,21.06,930,1961-1990
08-09,21.03,930,1961-1990
08-10,21.0,930,1961-1990
08-11,20.99,930,1961-1990
08-12,20.96,930,1961-1990
08-13,20.92,930,1961-1990
08-14,20.88,930,1961-1990
08-15,20.81,930,1961-1990
08-16,20.71,930,1961-1990
08-17,20.64,930,1961-1990
08-18,20.58,930,1961-1990
08-19,20.49,930,1961-1990
08-20,20.4,930,1961-1990
08-21,20.32,930,1961-1990
08-22,20.21,930,1961-1990
08-23,20.13,930,1961-1990
08-24,20.07,930,1961-1990
08-25,19.99,930,1961-1990
08-26,19.9,930,1961-1990
08-27,19.82,930,1961-1990
08-28,19.73,930,1961-1990
08-29,19.59,930,1961-1990
08-30,19.44,930,1961-1990
08-31,19.34,930,1961-1990
09-01,19.23,930,1961-1990
09-02,19.16,930,1961-1990
09-03,19.07,930,1961-1990
09-04,18.98,930,1961-1990
09-05,18.88,930,1961-1990
09-06,18.8,930,1961-1990
09-07,18.72,930,1961-1990
09-08,18.64,930,1961-1990
09-09,18.56,930,1961-1990
09-10,18.47,930,1961-1990
09-11,18.37,930,1961-1990
09-12,18.28,930,1961-1990
09-13,18.18,930,1961-1990
09-14,18.06,930,1961-1990
09-15,17.93,930,1961-1990
09-16,17.84,930,1961-1990
09-17,17.72,930,1961-1990
09-18,17.61,930,1961-1990
09-19,17.51,930,1961-1990
09-20,17.43,930,1961-1990
09-21,17.33,930,1961-1990
09-22,17.24,930,1961-1990
09-23,17.12,930,1961-1990
09-24,16.99,930,1961-1990
09-25,16.89,930,1961-1990
09-26,16.76,930,1961-1990
09-27,16.63,930,1961-1990
09-28,16.49,930,1961-1990
09-29,16.37,930,1961-1990
09-30,16.22,930,1961-1990
10-01,16.08,930,1961-1990
10-02,15.94,930,1961-1990
10-03,15.78,930,1961-1990
10-04,15.64,930,1961-1990
10-05,15.48,930,1961-1990
10-06,15.32,930,1961-1990
10-07,15.17,930,1961-1990
10-08,15.03,930,1961-1990
10-09,14.88,930,1961-1990
10-10,14.72,930,1961-1990
10-11,14.57,930,1961-1990
10-12,14.4,930,1961-1990
10-13,14.21,930,1961-1990
10-14,14.01,930,1961-1990
10-15,13.81,930,1961-1990
10-16,13.64,930,1961-1990
10-17,13.49,930,1961-1990
10-18,13.33,930,1961-1990
10-19,13.12,930,1961-1990
10-20,12.9,930,1961-1990
10-21,12.68,930,1961-1990
10-22,12.44,930,1961-1990
10-23,12.22,930,1961-1990
10-24,12.05,930,1961-1990
10-25,11.88,930,1961-1990
10-26,11.69,930,1961-1990
10-27,11.51,930,1961-1990
10-28,11.33,930,1961-1990
10-29,11.13,930,1961-1990
10-30,10.94,930,1961-1990
10-31,10.76,930,1961-1990
11-01,10.56,930,1961-1990
11-02,10.37,930,1961-1990
11-03,10.21,930,1961-1990
11-04,10.03,930,1961-1990
11-05,9.86,930,1961-1990
11-06,9.66,930,1961-1990
11-07,9.47,930,1961-1990
11-08,9.27,930,1961-1990
11-09,9.09,930,1961-1990
11-10,8.9,930,1961-1990
11-11,8.72,930,1961-1990
11-12,8.55,930,1961-1990
11-13,8.36,930,1961-1990
11-14,8.19,930,1961-1990
11-15,8.03,930,1961-1990
11-16,7.84,930,1961-1990
11-17,7.65,930,1961-1990
11-18,7.48,930,1961-1990
11-19,7.36,930,1961-1990
11-20,7.26,930,1961-1990
11-21,7.15,930,1961-1990
11-22,7.04,930,1961-1990
11-23,6.92,930,1961-1990
11-24,6.78,930,1961-1990
11-25,6.63,930,1961-1990
11-26,6.49,930,1961-1990
11-27,6.36,930,1961-1990
11-28,6.24,930,1961-1990
11-29,6.16,930,1961-1990
11-30,6.09,930,1961-1990
12-01,6.01,930,1961-1990
12-02,5.92,930,1961-1990
12-03,5.84,930,1961-1990
12-04,5.73,930,1961-1990
12-05,5.61,930,1961-1990
12-06,5.53,930,1961-1990
12-07,5.49,930,1961-1990
12-08,5.42,930,1961-1990
12-09,5.35,930,1961-1990
12-10,5.28,930,1961-1990
12-11,5.22,930,1961-1990
12-12,5.15,930,1961-1990
12-13,5.06,930,1961-1990
12-14,5.0,930,1961-1990
12-15,4.94,930,1961-1990
12-16,4.9,930,1961-1990
12-17,4.84,930,1961-1990
12-18,4.81,930,1961-1990
12-19,4.76,930,1961-1990
12-20,4.67,930,1961-1990
12-21,4.58,930,1961-1990
12-22,4.51,930,1961-1990
12-23,4.43,930,1961-1990
12-24,4.34,930,1961-1990
12-25,4.29,930,1961-1990
12-26,4.24,930,1961-1990
12-27,4.21,930,1961-1990
12-28,4.15,930,1961-1990
12-29,4.08,930,1961-1990
12-30,4.05,930,1961-1990
12-31,4.0,930,1961-1990
